,K-Means,HAC,DBSCAN,OPTICS
K-Means,1.0,0.43734667189748905,0.3217738164100209,0.32691105167439516
HAC,0.43734667189748905,1.0,0.32930996394864165,0.31785045281585145
DBSCAN,0.3217738164100209,0.32930996394864165,1.0,0.6696445839048245
OPTICS,0.32691105167439516,0.31785045281585145,0.6696445839048245,1.0
